Code,Store Name,Address,Store Type
UK,Save More,"421 Prairie Ave
Providence, RI
(41.80272855700048, -71.41366023099965)",
SP,TALHO & CARNICARIA CENTRAL MEAT M,"113 Gano St
Providence, RI
(41.82226161700049, -71.38981835699963)",Specialty
CS,221 Academy Ave Meat Market,"221 Academy Ave
Providence, RI
(41.830732584000486, -71.44422792499967)",Corner Store
CS,Dima Mini Mart,"29B Elmwood Ave
Providence, RI
(41.81188179300045, -71.42272731299965)",Corner Store
CS,MORENO MARKET,"227 Waldo St
Providence, RI
(41.80729157200045, -71.43810114299964)",Corner Store
CS,Yaneth Enterprise Llc,"196 Pocasset Ave
Providence, RI
(41.8098319610005, -71.45467157399963)",Corner Store
CG,7-ELEVEN 33506A,"141 Weybosset St
Providence, RI
(41.82284384000047, -71.41126890899966)",Chain Store or Gas Station
CG,Gulf Express,"255 Reservoir Ave
Providence, RI
(41.78970625800048, -71.42953551999966)",Chain Store or Gas Station
CS,Admiral Mart Inc,"649 Admiral St
Providence, RI
(41.848944522000465, -71.43817594499967)",Corner Store
CS,MEKONG MARKET,"314 Broad St
Providence, RI
(41.81450235700049, -71.42108048399967)",Corner Store
CS,Jacobos Market,"75 Messer St
Providence, RI
(41.81387033700048, -71.43640717799963)",Corner Store
CS,Regency Mart Inc,"3 Regency Plaza
Providence, RI
(41.821278373000496, -71.41732037899965)",Corner Store
CS,JAMAL & JAMEL VARIETY STORE,"750 CRANSTON ST
Providence, RI
(41.80439427900046, -71.43845253799964)",Corner Store
GR,STOP & SHOP 722,"850 Manton Ave
Providence, RI
(41.83300898600049, -71.46489006899964)",Grocery
CG,CVS Pharmacy  2049,"100 Francis St
Providence, RI
(41.829196384000454, -71.41531283699965)",Chain Store or Gas Station
CS,La Gran Via,"417 Hartford Ave
Providence, RI
(41.81842517000047, -71.45758201099966)",Corner Store
CS,AEW Market Inc,"385 Westminster St
Providence, RI
(41.821309665000456, -71.41492037499967)",Corner Store
CG,Thurbers Avenue Services Inc,"1025 Eddy St
Providence, RI
(41.799353263000455, -71.40570589499964)",Chain Store or Gas Station
CS,Del Rosario Mini Market,"693 Chalkstone Ave
Providence, RI
(41.8342975650005, -71.42993627599964)",Corner Store
CS,El Pulgarcito Grocery Convenience Store,"128 Academy Ave
Providence, RI
(41.828188713000486, -71.44389173399964)",Corner Store
SP,MARIO'S BAKERY,"684 Douglas Ave
Providence, RI
(41.84833167500045, -71.43167668799964)",Specialty
CS,Tienda Y Panaderia El Quiche LLC,"1076 Chalkstone Ave
Providence, RI
(41.83232493000048, -71.44366127399962)",Corner Store
SP,Soares Fish Market,"930 Narragansett Blvd
Providence, RI
(41.789628620000485, -71.39614229799963)",Specialty
CG,Hess 39209,"440 Smithfield Ave
Providence, RI
(41.85810865900049, -71.41088257799964)",Chain Store or Gas Station
CS,TOOFS MARKET,"611 Charles St
Providence, RI
(41.8530097200005, -71.42034769699967)",Corner Store
CS,Carcieri's Stop And Compare,"567 Charles St
Providence, RI
(41.85121350100047, -71.42008503999966)",Corner Store
SP,GUATEMALA BAKERY,"241 Union Ave
Providence, RI
(41.8075806380005, -71.44490795599967)",Specialty
CS,COLBEA ENTERPRISES LLC,"457 Benefit St
Providence, RI
(41.81878224600047, -71.40018847499965)",Corner Store
CS,BUS STOP MARKET,"712 Admiral St
Providence, RI
(41.84974936500049, -71.44030246199964)",Corner Store
CG,Shabo Inc  DBA/ 7 Eleven (33413B) 33413B,"775 Cranston St
Providence, RI
(41.80340345100046, -71.43999664799964)",Chain Store or Gas Station
CS,"ASIAN STAR MARKET, INC.","678 Elmwood Ave
Providence, RI
(41.793639105000466, -71.42372215799963)",Corner Store
CG,Hess Express 39213,"442 Manton Ave
Providence, RI
(41.82534071100048, -71.45459796899962)",Chain Store or Gas Station
CS,P-Town Market,"288 Chad Brown St
Providence, RI
(41.84148388900047, -71.42247424199962)",Corner Store
CS,SAM'S FOOD STORE 1033,"1348 Chalkstone Ave
Providence, RI
(41.832325753000475, -71.45360233399964)",Corner Store
CG,WALGREENS 10256,"1140 Main St
Providence, RI
(41.85153652100047, -71.40229321299967)",Chain Store or Gas Station
CS,Charles Variety,"1308 Eddy St
Providence, RI
(41.78958709300048, -71.40293441999967)",Corner Store
CS,Home Plate Market,"247 Lockwood St
Providence, RI
(41.813405161000446, -71.41676878199962)",Corner Store
CG,Family Dollar 8177,"541 Smith St
Providence, RI
(41.8361865870005, -71.42885293999967)",Chain Store or Gas Station
SP,Las Delicias Bakery,"964B Atwells Ave
Providence, RI
(41.82510612900046, -71.44958536099966)",Specialty
CS,GALLUP MARKET,"160 Gallup St
Providence, RI
(41.799746936000474, -71.41378421799965)",Corner Store
GR,EASTSIDE MARKETPLACE,"165 Pitman St
Providence, RI
(41.82678134700046, -71.38675856599963)",Grocery
SP,MAYA BAKERY,"113 Valley St
Providence, RI
(41.81990253400045, -71.44040143199965)",Specialty
CG,RITE AID 10247,"1200 Main St
Providence, RI
(41.85304711900045, -71.40138413699964)",Chain Store or Gas Station
CS,Station One,"524 Manton Ave
Providence, RI
(41.82593526500045, -71.45801762299965)",Corner Store
CS,Morenos Meat Market 1,"580 Chalkstone Ave
Providence, RI
(41.83513680200048, -71.42588023999963)",Corner Store
CS,A & B  CONVENIENCE & DELI,"1245 Chalkstone Ave
Providence, RI
(41.83270400600048, -71.44995562299965)",Corner Store
CS,Hudson Street Delicatessen,"68 Hudson St
Providence, RI
(41.813195814000494, -71.43464481999968)",Corner Store
CG,CVS PHARMACY  2417,"935 Manton Ave
Providence, RI
(41.83386782200046, -71.46811510199967)",Chain Store or Gas Station
CG,Ocean State Job Lot 109,"361 Reservoir Ave
Providence, RI
(41.78813122300045, -71.43169282799965)",Chain Store or Gas Station
CS,J J Market,"261 Pocasset Ave
Providence, RI
(41.80796467100049, -71.45605114799963)",Corner Store
CS,ELMWOOD FOOD MARKET,"342 Elmwood Ave
Providence, RI
(41.80284359300049, -71.42588472499966)",Corner Store
CS,VILLAGE MARKET,"208 Cranston St
Providence, RI
(41.81411432600049, -71.42661055899964)",Corner Store
FM,Fruit Hill Farmers Market,"Fruit Hill Ave (Parking Lot) Providence, RI
(41.823870669000485, -71.41199051099966)",Farmers' Market
CS,GOMEZ MARKET,"1459 Broad St
Providence, RI
(41.78759612100049, -71.40301596299963)",Corner Store
CS,E Z Food Mart,"501 Hartford Ave
Providence, RI
(41.818858014000455, -71.46044145999963)",Corner Store
CS,CARLITOS MARKET INC,"35 Candace St
Providence, RI
(41.83568530800045, -71.42245158199967)",Corner Store
SP,Pacific Seafood Market,"247 Reservoir Ave
Providence, RI
(41.79003914100048, -71.42921807699963)",Specialty
CG,7-ELEVEN 29112G,"460 Smith St
Providence, RI
(41.835484402000475, -71.42633834599962)",Chain Store or Gas Station
CG,Rite Aid 10252,"711 BROAD STREET
Providence, RI
(41.8046345030005, -71.41944842199968)",Chain Store or Gas Station
CS,Mana Market LLC,"457 Manton Ave
Providence, RI
(41.8254615460005, -71.45503413299963)",Corner Store
CS,Downtown Market,"2 KENNEDY PLAZA
Providence, RI
(41.82596805300045, -71.40971812699962)",Corner Store
CS,Lupitas Market,"18 Pocasset Ave
Providence, RI
(41.813415113000474, -71.44826160099967)",Corner Store
CS,GANO MART,"149 Gano St
Providence, RI
(41.82371377600049, -71.39003657799964)",Corner Store
CG,Family Dollar 2020,"550 Hartford Ave
Providence, RI
(41.81915417500045, -71.46267052799965)",Chain Store or Gas Station
CS,Nathalie Enterprise Llc,"574 Plainfield St
Providence, RI
(41.81285661600049, -71.45774402199964)",Corner Store
CS,O G Mart,"130 Washington St
Providence, RI
(41.822886291000486, -71.41490800399964)",Corner Store
GR,SAVE-A-LOT 823,"405 Killingly St
Providence, RI
(41.82017164400048, -71.46902512099967)",Grocery
CS,V&J DELI & GROCERY,"272 Public St
Providence, RI
(41.8067102280005, -71.40979232999968)",Corner Store
CS,"TENARES SUPERMARKET, INC","484 Cranston St
Providence, RI
(41.80986936400046, -71.43318834099966)",Corner Store
CS,Gemma's Market,"458 Cranston St
Providence, RI
(41.810507836000454, -71.43253388999966)",Corner Store
CS,Rockys Market,"19 Messer St
Providence, RI
(41.815278081000486, -71.43688805599965)",Corner Store
CS,Hartford Convenience,"344 Hartford Ave
Providence, RI
(41.81782395400046, -71.45478099699966)",Corner Store
CS,Ebc Market,"465 Pine St
Providence, RI
(41.81251367300047, -71.41957027199965)",Corner Store
CS,SAMIES FOOD & SMOKE SHOP,"50 Pocasset Ave
Providence, RI
(41.81241732500047, -71.44943823599965)",Corner Store
GR,STOP & SHOP  725,"333 River St
Providence, RI
(41.84607950300045, -71.41317872799965)",Grocery
CS,EL BOMBAZO MARKET INC.,"981 Broad St
Providence, RI
(41.79783827400047, -71.41420932999966)",Corner Store
CG,The Ampak DBA Tri & Tri States Enterprises Inc,"222 Admiral St
Providence, RI
(41.84411640400049, -71.42365854699966)",Chain Store or Gas Station
CS,EAST SIDE PRESCRIPTION CENTER INC,"632 Hope St
Providence, RI
(41.84382510900048, -71.39760259499963)",Corner Store
CG,DOLLAR TREE 1733,"377 Killingly St
Providence, RI
(41.81986190600048, -71.46884840499962)",Chain Store or Gas Station
CG,Family Dollar 2108,"678 Branch Ave
Providence, RI
(41.85341819900049, -71.42784120799962)",Chain Store or Gas Station
CG,PriceRite 371,"325 Valley St
Providence, RI
(41.82603751100049, -71.43880304899966)",Chain Store or Gas Station
CS,Chalkstone Mini Mart & Deli,"920 Chalkstone Ave
Providence, RI
(41.83291144800046, -71.43761793499965)",Corner Store
GR,WHOLE FOODS MARKET 10111,"601 Main St
Providence, RI
(41.83718274800049, -71.40945311799965)",Grocery
CS,D & C MARKET,"290 Elmwood Ave
Providence, RI
(41.804823549000446, -71.42532769199966)",Corner Store
GR,Fertile Underground Grocery,"1577 Westminster St
Providence, RI
(41.81608630900047, -71.43576591099963)",Grocery
CS,LA ESQUINA MARKET,"274 Webster Ave
Providence, RI
(41.806983854000464, -71.44757843199966)",Corner Store
CS,Espinal Grocery,"875 Atwells Ave
Providence, RI
(41.82499411700047, -71.44630394199964)",Corner Store
CS,Eastside Mart,"422 Lloyd Ave
Providence, RI
(41.83425948100046, -71.39055494399963)",Corner Store
CG,V Mart LLC,"176 Narragansett Ave
Providence, RI
(41.7887259740005, -71.42353278999963)",Chain Store or Gas Station
CS,Shop And Go Food Market,"216 Union Ave
Providence, RI
(41.80782034300046, -71.44377239399967)",Corner Store
CS,City Stop Inc,"316 Smith St
Providence, RI
(41.78490026100047, -71.39893000999967)",Corner Store
CS,JW Market Inc,"187 Mathewson St
Providence, RI
(41.8215295330005, -71.41284323499963)",Corner Store
CS,BROTHER'S MARKET,"600 Douglas Ave
Providence, RI
(41.8463688920005, -71.42939863599963)",Corner Store
CS,Family Convenience Grocery Store,"512 Prairie Ave
Providence, RI
(41.799931234000496, -71.41238327299965)",Corner Store
CS,Chalkstone Supermarket Inc,"1050 Chalkstone Ave
Providence, RI
(41.83229771100048, -71.44275623599964)",Corner Store
CG,Family Dollar 2868,"1030 Chalkstone Ave
Providence, RI
(41.83228281400045, -71.44199058399965)",Chain Store or Gas Station
CS,Providence City Convenience & Deli,"312 Broad St
Providence, RI
(41.81453917100049, -71.42106157299963)",Corner Store
CS,JOANNA MARKET INC,"172 Chapin Ave
Providence, RI
(41.8118730700005, -71.43829653099965)",Corner Store
CS,"CRANSTON FOOD CENTER, INC.","560 Cranston St
Providence, RI
(41.80825092900045, -71.43458463099967)",Corner Store
CS,Julian Market,"100 Julian St
Providence, RI
(41.82186762900045, -71.44504456799967)",Corner Store
CS,EAST SIDE MINI MART,"252 Brook St
Providence, RI
(41.82371134200048, -71.39884395499962)",Corner Store
CS,SIME MARKET,"70 Appleton St
Providence, RI
(41.8204822830005, -71.44444728499963)",Corner Store
CS,Plainfield Market Place,"370 Plainfield St
Providence, RI
(41.813677045000475, -71.45045630099963)",Corner Store
CS,Los Compadres Market LLC,"93 Laura St
Providence, RI
(41.810880771000484, -71.36680092099965)",Corner Store
SP,SAL'S BAKERY,"1288 Chalkstone Ave
Providence, RI
(41.832523076000484, -71.45147580099967)",Specialty
CG,7-ELEVEN 33397-A,"10 Dorrance St
Providence, RI
(41.8240863690005, -71.41220958099967)",Chain Store or Gas Station
CS,CHRISTINA MARKET,"524 Smith St
Providence, RI
(41.836137617000475, -71.42806577599964)",Corner Store
CG,Family Dollar 6864,"1515 Broad St
Providence, RI
(41.786464572000455, -71.40205123899966)",Chain Store or Gas Station
CS,Kevin Food Market,"103 Academy Ave
Providence, RI
(41.82749493600045, -71.44370385499963)",Corner Store
CG,CVS PHARMACY  729,"799 Hope St
Providence, RI
(41.84881026000045, -71.39508909999967)",Chain Store or Gas Station
CS,TAN'S NEW ASIAN MARKET,"339 Broad St
Providence, RI
(41.81400980100045, -71.42141911399966)",Corner Store
CG,Grassos Olenyville Gulf,"35 Plainfield St
Providence, RI
(41.81647426000046, -71.44429906799962)",Chain Store or Gas Station
CS,Daves Convenience Inc,"150B Elmwood Ave
Providence, RI
(41.80892091700048, -71.42453452699965)",Corner Store
CS,Cibao Meat Supermarket LLC,"228 Manton Ave
Providence, RI
(41.82117451500045, -71.44814061799963)",Corner Store
CS,BROADWAY EXPRESS MART,"306 Broadway
Providence, RI
(41.820158182000455, -71.42777829899967)",Corner Store
CS,JOES MEAT MARKET,"1337 Westminster St
Providence, RI
(41.816653586000484, -71.43114780599967)",Corner Store
CG,Walgreens 11147,"1 Pocasset Ave
Providence, RI
(41.81367837400046, -71.44806370199967)",Chain Store or Gas Station
CG,Capital Gulf,"201 Smith St
Providence, RI
(41.832297335000476, -71.41812425499967)",Chain Store or Gas Station
CG,Rite Aid 10249,"456 Branch Ave
Providence, RI
(41.850494091000485, -71.42050022899963)",Chain Store or Gas Station
UK,COLBEA ENTERPRISES LLC,"598 Branch Ave
Providence, RI
(41.852144843000474, -71.42430045999964)",
CS,Stop & Go,"776 Douglas Ave
Providence, RI
(41.850358748000474, -71.43398426199963)",Corner Store
CS,SANCHEZ MEXICAN MARKET,"802 Atwells Ave
Providence, RI
(41.8247830140005, -71.44346543999967)",Corner Store
CS,Broad Market,"1361 Broad St
Providence, RI
(41.78991330800045, -71.40496194799965)",Corner Store
CS,Rite Price Market,"43 Douglas Ave
Providence, RI
(41.8353174450005, -71.41771276799966)",Corner Store
CG,CVS Pharmacy  827,"291 Thayer St
Providence, RI
(41.829953170000465, -71.40082934099962)",Chain Store or Gas Station
CS,ACADEMY FARMS,"524 Academy Ave
Providence, RI
(41.83921644200046, -71.44491238899963)",Corner Store
GR,WALMART 3301,"51 Silver Spring St
Providence, RI
(41.84556212500047, -71.41765504399967)",Grocery
CS,College Convenience Mart,"664 Admiral St
Providence, RI
(41.84914404800048, -71.43881004599967)",Corner Store
SP,LASALLE BAKERY,"993 Smith St
Providence, RI
(41.842341544000476, -71.44442442599967)",Specialty
CS,WELCOME FOOD MART FOOD & SMOKE SHOP,"1081 Atwells Ave
Providence, RI
(41.825361313000485, -71.45364882399963)",Corner Store
CS,A B Variety,"559 Branch Ave
Providence, RI
(41.85193788100048, -71.42368074799964)",Corner Store
CS,EL VECINO GROCERY STORE,"1035 Broad St
Providence, RI
(41.79677920400047, -71.41292351299967)",Corner Store
CS,PORTUGUESE AMERICAN MARKET,"896 Allens Ave
Providence, RI
(41.79114492500048, -71.39664065499966)",Corner Store
CS,SUNNY MARKET PLACE,"243 Reservoir Ave
Providence, RI
(41.79013340500046, -71.42914081199967)",Corner Store
CS,Broadway Mart,"447 Broadway
Providence, RI
(41.81902586500047, -71.43281079099967)",Corner Store
CG,7-ELEVEN #33426-A,"65 Manton Ave
Providence, RI
(41.81805634800048, -71.44466450099964)",Chain Store or Gas Station
CS,"Caribe Mini Market, Llc","615 Charles St
Providence, RI
(41.853235645000495, -71.42038591799962)",Corner Store
CG,CUMBERLAND FARMS  1280,"751 Hope St
Providence, RI
(41.84701852000046, -71.39595080399965)",Chain Store or Gas Station
CG,CVS PHARMACY  13,"70 Kennedy Plz
Providence, RI
(41.82417546300047, -71.41220674099964)",Chain Store or Gas Station
CS,NUNEZ FRUIT MARKET,"1437 Broad St
Providence, RI
(41.787974043000474, -71.40333184799965)",Corner Store
CS,GI JOE'S VARIETY,"445 Smith St
Providence, RI
(41.83536954500045, -71.42590528599965)",Corner Store
CS,CRESPO GROCERY,"1115 Broad St
Providence, RI
(41.7951633080005, -71.41093710399963)",Corner Store
CS,Honeys Market,"49 Bancroft St
Providence, RI
(41.812057438000465, -71.44702132099962)",Corner Store
SP,"ORIENTAL PLAZA INC.,","373 Smith St
Providence, RI
(41.83455405300049, -71.42388159899963)",Specialty
SP,Mi Quesqueya Meat Market,"933 Broad St
Providence, RI
(41.79893078200047, -71.41561840399964)",Specialty
CG,7-Eleven 27668L,"391 Douglas Ave
Providence, RI
(41.84087509300048, -71.42720095699963)",Chain Store or Gas Station
CS,HAWKINS MARKET,"103 Hawkins St
Providence, RI
(41.848408486000494, -71.42595540699966)",Corner Store
FM,Fruit Hill Farmers Market,"600 Mount Pleasant Avenue
Providence, RI
(41.84270721100046, -71.45298120799964)",Farmers' Market
CG,7-Eleven 33413J,"775 Cranston St
Providence, RI
(41.80340345100046, -71.43999664799964)",Chain Store or Gas Station
CS,Westminster Market Inc,"1181 Westminster St
Providence, RI
(41.81698646600046, -71.42827873299967)",Corner Store
CS,CRANSTON VARIETY STORE,"306 Cranston St
Providence, RI
(41.81285140900047, -71.42906952699963)",Corner Store
CS,El Encanto Market Inc,"508 Plainfield St
Providence, RI
(41.81320013800047, -71.45551935099962)",Corner Store
CG,Rite Aid 10251,"135 Pitman St
Providence, RI
(41.82676971300049, -71.38757787499964)",Chain Store or Gas Station
CS,Dugout Convenience Store III,"244 Broad St
Providence, RI
(41.81606351100049, -71.41981829699967)",Corner Store
CG,Tiger Plus LLC,"342 Manton Ave
Providence, RI
(41.82353756800046, -71.45137154099967)",Chain Store or Gas Station
CS,Dugout Convenience Store,"97 Burnside St
Providence, RI
(41.80372562100047, -71.41176578099964)",Corner Store
CS,Elmwood Deluxe Mart Inc,"610A Elmwood Ave
Providence, RI
(41.79541620200047, -71.42471176599963)",Corner Store
CS,A & E CONVENIENCE STORE,"1119 Atwells Ave
Providence, RI
(41.8253171880005, -71.45408616099962)",Corner Store
CS,Quality Meats And Deli,"583 Broad St
Providence, RI
(41.80825283000047, -71.42059096199966)",Corner Store
CS,St Francis D Assisi Convenience,"84 Academy Ave
Providence, RI
(41.826994769000464, -71.44370174099964)",Corner Store
CS,Miami Mart Inc,"935 Atwells Ave
Providence, RI
(41.82510117300046, -71.44849585399965)",Corner Store
CS,Corner Store,"549B Broad St
Providence, RI
(41.80925627500045, -71.42089921699966)",Corner Store
CS,Your Corner Store,"110 Doyle Ave
Providence, RI
(41.838839056000495, -71.40408506299963)",Corner Store
CS,RI Market,"315 Manton Ave
Providence, RI
(41.82297243800048, -71.45050210799963)",Corner Store
CS,LA PLACITA,"165 Almy St
Providence, RI
(41.82159817200045, -71.43406615299966)",Corner Store
CS,Los Mina Market,"100 Harold St
Providence, RI
(41.82965086100046, -71.43870479899965)",Corner Store
SP,Guatepan Bakery,"95 Manton Ave
Providence, RI
(41.81850564700045, -71.44524757899967)",Specialty
CS,S S International Meat and Groceries LLC,"676 Cranston St
Providence, RI
(41.80569797300046, -71.43689997399963)",Corner Store
CS,RIVER AVE B & M FOOD MART,"168 River Ave
Providence, RI
(41.83214460700049, -71.43824241699963)",Corner Store
CS,International Express Market,"243B Webster Ave
Providence, RI
(41.807943056000454, -71.44810268099963)",Corner Store
CS,Antillas Supermarket #4,"194 Douglas Ave
Providence, RI
(41.8372679200005, -71.42257698599963)",Corner Store
CS,People Helping People Variety Store,"403 Plainfield St
Providence, RI
(41.81366391500046, -71.45154609399964)",Corner Store
CG,WALGREENS 10099,"333 Atwells Ave
Providence, RI
(41.82378284200047, -71.42881944499965)",Chain Store or Gas Station
SP,PANADERIA EL QUETZAL,"445 Hartford Ave
Providence, RI
(41.81857457700045, -71.45850939299964)",Specialty
CS,Manton Mini Mart,"600 Manton Ave
Providence, RI
(41.826910427000485, -71.46067522999965)",Corner Store
CS,FARAFINA,"845 Potters Ave
Providence, RI
(41.80490633800048, -71.43727746599967)",Corner Store
UK,A Touch Of Merengue LLC - The Atom,"47 Academy Ave
Providence, RI
(41.82590685600047, -71.44346013599966)",
UK,COLBEA ENTERPRISES LLC,"1075 Main St
Providence, RI
(41.84991940700047, -71.40304405799964)",
CS,Douglas Food Mart,"175 Douglas Ave
Providence, RI
(41.83697630400047, -71.42171773899963)",Corner Store
CS,"WEBSTER MEAT MARKET, INC.","249 Webster Ave
Providence, RI
(41.80780627600046, -71.44803722299963)",Corner Store
CS,Mateo Market LLC,"3 Priscilla Ave
Providence, RI
(41.81098277600046, -71.44751392999967)",Corner Store
CS,Explosion Market,"248 Dexter St
Providence, RI
(41.80967566100048, -71.42822693099964)",Corner Store
CS,STOP MARKET AND ASSOCIATES,"308 Cranston St
Providence, RI
(41.812829284000486, -71.42911254699965)",Corner Store
CS,JUNIOR MINI MARKET,"294 Pocasset Ave
Providence, RI
(41.80705664800047, -71.45660676599965)",Corner Store
CS,Camden Mini Market,"135 Camden Ave
Providence, RI
(41.83902465900047, -71.42670175699965)",Corner Store
CS,Cibao Mini Market,"456 Prairie Ave
Providence, RI
(41.80173829200049, -71.41315494299965)",Corner Store
CS,NEW SHOP & GO,"97 Hope St
Providence, RI
(41.830770317000486, -71.34731006399966)",Corner Store
GR,SAVE-A-LOT 827,"700 Branch Ave
Providence, RI
(41.85351723800045, -71.42821440699964)",Grocery
CS,Sikay Lao Thai Market,"952 Chalkstone Ave
Providence, RI
(41.83250943100046, -71.43882607799964)",Corner Store
CS,Star Market,"334 Broad St
Providence, RI
(41.814027919000466, -71.42132996499964)",Corner Store
CS,FAMILY MARKET,"110 Putnam St
Providence, RI
(41.823523569000486, -71.44394810099965)",Corner Store
UK,Vida Sana Natural Health Food LLC,"1359 Broad St
Providence, RI
(41.78994524600046, -71.40498969199967)",
CS,Camp Street Market,"149 Camp St
Providence, RI
(41.84221929300048, -71.40279485099967)",Corner Store
CS,Friendship Market,"187 Messer St
Providence, RI
(41.810252549000495, -71.43518269399965)",Corner Store
CG,Rite Aid 10253,"200 Academy Ave
Providence, RI
(41.83033768000047, -71.44423923999966)",Chain Store or Gas Station
CG,CVS PHARMACY  856,"400 Admiral St
Providence, RI
(41.84616719900049, -71.42966580999962)",Chain Store or Gas Station
CG,7-ELEVEN #33406-A,"270 Broad St
Providence, RI
(41.81560285800049, -71.42042878499967)",Chain Store or Gas Station
GR,Compare Foods,"863 Broad St
Providence, RI
(41.80037926300048, -71.41741226199963)",Grocery
CG,NORTH MAIN SHELL,"691 Main St
Providence, RI
(41.83928283500046, -71.40896856699965)",Chain Store or Gas Station
FM,Davis Park Farmers Market,"Chalkstone Ave Providence, RI
(41.83612060600046, -71.41218617999965)",Farmers' Market
SP,Antonelli Poultry Inc,"62 Depasquale Ave
Providence, RI
(41.824066909000464, -71.42687496299965)",Specialty
CG,CVS PHARMACY  1294,"481 Angell St
Providence, RI
(41.83005534400047, -71.38841387999963)",Chain Store or Gas Station
CG,WALGREENS  03204,"295 Academy Ave
Providence, RI
(41.832916785000464, -71.44442976799962)",Chain Store or Gas Station
GR,Aldi 41,"539 Smith St
Providence, RI
(41.8361930850005, -71.42875665799966)",Grocery
CS,Dugout Too Convenience Store,"692 Prairie Ave
Providence, RI
(41.79527131100048, -71.41039359299964)",Corner Store
CG,CVS PHARMACY  994,"131 Webster Ave
Providence, RI
(41.81245000100046, -71.45024936099963)",Chain Store or Gas Station
CS,La Guira Meat Market Inc,"531 Hartford Ave
Providence, RI
(41.819008460000475, -71.46135118499967)",Corner Store
CS,624 Cranston Meat Market Inc,"624 Cranston St
Providence, RI
(41.80674962600045, -71.43590048799967)",Corner Store
CS,Melissa Market,"680 Potters Ave
Providence, RI
(41.80305292200046, -71.43218773399963)",Corner Store
CS,Fernandez Market,"455 Plainfield St
Providence, RI
(41.81347294700049, -71.45364145299965)",Corner Store
CS,Diana Market,"115 Knight St
Providence, RI
(41.82167180100049, -71.43099619899965)",Corner Store
CS,Ma Esther Enterprise,"739 Cranston St
Providence, RI
(41.804591609000454, -71.43832704999966)",Corner Store
CG,Family Dollar 2190,"1280 Broad St
Providence, RI
(41.79168108500045, -71.40650603699964)",Chain Store or Gas Station
SP,Medina Meat Market Llc,"838 Admiral St
Providence, RI
(41.85131513200048, -71.44428184899965)",Specialty
CG,7-ELEVEN 33338-A,"548 Atwells Ave
Providence, RI
(41.82443442300047, -71.43532041899965)",Chain Store or Gas Station
CS,Milanos Pizza/Olives Deli,"659 Smith St
Providence, RI
(41.83742858700049, -71.43306014999962)",Corner Store
CG,PC MART & GAS,"408 Douglas Ave
Providence, RI
(41.841703435000454, -71.42750896699965)",Chain Store or Gas Station
CG,CUMBERLAND FARMS  1210,"1297 Broad St
Providence, RI
(41.791405873000485, -71.40627289299965)",Chain Store or Gas Station
CS,PROVIDENCE MARKET,"757 Broad St
Providence, RI
(41.803369585000496, -71.41904236899967)",Corner Store
CS,Douglas Street Family Mart LLC,"929 Douglas Ave
Providence, RI
(41.85325677600048, -71.43780400199967)",Corner Store
CS,Sunrise Market,"1222 Smith St
Providence, RI
(41.846098991000474, -71.45189039899964)",Corner Store
CG,Hess 39502,"1215 Main St
Providence, RI
(41.85351105400048, -71.40087611499968)",Chain Store or Gas Station
CS,Super Star Mini Mart,"163 Broadway
Providence, RI
(41.82140743600047, -71.42270801899963)",Corner Store
CS,EAGLE SUPER MARKET,"117 Ives St
Providence, RI
(41.82144106900046, -71.39192615599967)",Corner Store
CG,WALGREENS 04145,"533 Elmwood Ave
Providence, RI
(41.79772739000049, -71.42606267099967)",Chain Store or Gas Station
CG,CVS PHARMACY  4796,"960 Broad St
Providence, RI
(41.79829089600048, -71.41468978699965)",Chain Store or Gas Station
CS,J & M Convenience Store,"718 Plainfield St
Providence, RI
(41.8111027490005, -71.46198094799962)",Corner Store
FM,Broadway Farmers Market,"35 Marshall St
Providence, RI
(41.81801932600047, -71.43205796999968)",Farmers' Market
CS,Plainfield Meat Market,"600 Plainfield St
Providence, RI
(41.81265738900049, -71.45887326399964)",Corner Store
SP,LA GIGANTE MEAT MARKET INC,"49 Elmwood Ave
Providence, RI
(41.81144555900045, -71.42302625399964)",Specialty
CS,Anthony Grocery Store,"964A Atwells Ave
Providence, RI
(41.82510612900046, -71.44958536099966)",Corner Store
CG,Khout Gas,"691 Valley St
Providence, RI
(41.83118152200046, -71.42890715299967)",Chain Store or Gas Station
CG,7-ELEVEN #33407-A,"549 Charles St
Providence, RI
(41.850501360000465, -71.41996634599963)",Chain Store or Gas Station
UK,Envios Luna Multiservice LLC,"389 Admiral St
Providence, RI
(41.84615408900049, -71.42925100199966)",
CS,FELITO FOOD MARKET INC,"230 Union Ave
Providence, RI
(41.80763809000047, -71.44446642599962)",Corner Store
SP,LaSalle Bakery Inc,"685 Admiral St
Providence, RI
(41.84944397300046, -71.43939506899966)",Specialty
CS,FOODLAND FARMS,"638 Charles St
Providence, RI
(41.85404015200049, -71.42057896199964)",Corner Store
CS,El Fogonazo Market,"1059 Broad St
Providence, RI
(41.796058341000446, -71.41202340099966)",Corner Store
CS,BR MARKET,"352 Manton Ave
Providence, RI
(41.82370138100049, -71.45159195699966)",Corner Store
CG,ATWELLS SHELL,"286 Valley St
Providence, RI
(41.824917789000494, -71.43942656499962)",Chain Store or Gas Station
SP,Borrellis Bakery,"805 Charles St
Providence, RI
(41.8583429410005, -71.42146214499962)",Specialty
CS,La Perla Fruit-Meat Market,"1543 Westminster St
Providence, RI
(41.81618311700049, -71.43503962899968)",Corner Store
SP,Emely Party Store & Bakery LLC,"568 Broad St
Providence, RI
(41.80875262100045, -71.42067490899967)",Specialty
FM,Neutaconkanut Farmers Market,"760 Plainfield St
Providence, RI
(41.81011750500045, -71.46239791199963)",Farmers' Market
CS,Baron Market LLC,"77 Union Ave
Providence, RI
(41.859484076000456, -71.45081597099966)",Corner Store
CS,Oasis Market,"220 Broad St
Providence, RI
(41.81643811300046, -71.41901698999965)",Corner Store
CS,Reyes Food Market,"701 Cranston St
Providence, RI
(41.8052503240005, -71.43756490899966)",Corner Store
SP,Crugnale Bakery,"11 Newark St
Providence, RI
(41.825275468000484, -71.43978324099965)",Specialty
SP,SILVER LAKE SAUSAGE SHOP,"80 Ethan St
Providence, RI
(41.80801727700049, -71.45893871799967)",Specialty
GR,WHOLE FOODS MARKET 10014,"261 Waterman St
Providence, RI
(41.82809489800047, -71.38569601999967)",Grocery
CS,SAMS FOOD STORE,"28 Hartford Ave
Providence, RI
(41.8167757490005, -71.44415755499966)",Corner Store
CS,Public Street Market,"454 Public St
Providence, RI
(41.80514172000045, -71.41653934699963)",Corner Store
CS,GIO'S MARKET,"537 Chalkstone Ave
Providence, RI
(41.83547780800046, -71.42480877599962)",Corner Store
CS,New Stop Food Market 2,"1258 Broad St
Providence, RI
(41.79242299200047, -71.40743161699965)",Corner Store
CS,IOVINOS MARKET,"73 Kenyon St
Providence, RI
(41.82138954900046, -71.42535395199963)",Corner Store
CS,La Poblanita Market,"273 Academy Ave
Providence, RI
(41.83213544500046, -71.44445252499963)",Corner Store
CS,Rodriguez Meat Market,"400 Hartford Ave
Providence, RI
(41.818229877000476, -71.45685306299964)",Corner Store
SP,SILVER STAR BAKERY,"150 Ives St
Providence, RI
(41.82244664800049, -71.39212377599966)",Specialty
CG,HARBOR SHELL FOOD MART,"1020 Narragansett Blvd
Providence, RI
(41.78586011200048, -71.39494080899965)",Chain Store or Gas Station
CG,WALGREENS  03703,"354 Admiral St
Providence, RI
(41.8458349980005, -71.42797913999965)",Chain Store or Gas Station
CS,H & M Discount Store,"736 Broad St
Providence, RI
(41.80397813900049, -71.41916319999967)",Corner Store
CG,Elmwood Avenue Shell,"5 Elmwood Ave
Providence, RI
(41.81250762600047, -71.42231282799963)",Chain Store or Gas Station
CS,El Primo Fruit Market,"212 Manton Ave
Providence, RI
(41.82085863700047, -71.44773500599968)",Corner Store
CG,Family Dollar 8896,"921 Manton Ave
Providence, RI
(41.83396633700045, -71.46754635999963)",Chain Store or Gas Station
CS,SAVERS MART II 2,"871 Elmwood Ave
Providence, RI
(41.78888109000047, -71.42116938299966)",Corner Store
CS,SANCHEZ MARKET,"676 Broad St
Providence, RI
(41.80566897600045, -71.41970517799967)",Corner Store
CS,SP Varieties Inc,"451 Hartford Ave
Providence, RI
(41.818628771000476, -71.45885736199966)",Corner Store
CS,Sams Food Store,"983 Manton Ave
Providence, RI
(41.83326468200045, -71.46979284399964)",Corner Store
CG,"280, Llc","280 Plainfield St
Providence, RI
(41.81398378200049, -71.44759918699964)",Chain Store or Gas Station
CG,City Gas,"253 Elmwood Ave
Providence, RI
(41.80580247100045, -71.42513118799963)",Chain Store or Gas Station
